"% of Respondents That ""Agree""",Opinion on Products and Services Using AI
0.64,I have a good understanding of what artificial intelligence is
0.6,Products and services using artificial intelligence will profoundly change my daily life in the next 3-5 years
0.6,Products and services using artificial intelligence make my life easier
0.52,Products and services using artificial intelligence have more benefits than drawbacks
0.5,I know which types of products and servicesuse artificial intelligence
0.5,I trust companies that use artificial intelligence as much as I trust other companies
0.49,Products and services using artificial intelligence have profoundly changed my daily life in the past 3-5 years
0.39,Products and services using artificial intelligence make me nervous