% of Respondents,American Perceptions of Specific AI Usecases,Label
0.27,Facial recognition technology by police,Bad idea for society
0.31,Computer programs by social media companies to find false information on their sites,Bad idea for society
0.44,Driveless passenger vehicles,Bad idea for society
0.46,Facial recognition technology by police,Good idea for society
0.38,Computer programs by social media companies to find false information on their sites,Good idea for society
0.26,Driveless passenger vehicles,Good idea for society
0.27,Facial recognition technology by police,Not sure
0.3,Computer programs by social media companies to find false information on their sites,Not sure
0.29,Driveless passenger vehicles,Not sure