% of Respondents,Outcome of AI Implementation
0.28,Anticipate Constituent Needs
0.3,Improve Constituent Engagement
0.3,Activate the Potential of Existing Headcount and/or Improve Talent Management
0.31,Increase Revenue
0.32,Enable New Business/Service Models
0.32,Predict Demand
0.32,Create New Products/Programs and Services
0.32,Improve Decision-Making
0.33,Make Organizational Processes More Efficient
0.33,Enter New Markets/Expand Services to New Constituents
0.33,"Customize or Improve Product/Programs, Services, or Offers"
0.34,Discover Valuable Insights
0.34,Improve Collaboration Across Business Functions/Organizations
0.37,Lower Costs