Theme Mentioned (% of Total),Theme,Year
0.053623188,Digital Transformation,2018
0.026086957,Nvidia RTX,2018
0.008695652,Investments,2018
0.023188406,Data Center GPU,2018
0.052173913,Azure Cognitive Services,2018
0.002898551,Customer Support,2018
0.024637681,Adobe Experience,2018
0.066666667,Data Storage and Management,2018
0.02173913,Data Processing,2018
0.05942029,Autonomous Vehicles,2018
0.024637681,Revenue Growth,2018
0.017391304,Nvidia AI Use Cases,2018
0.033333333,Edge Intelligence,2018
0.082608696,Deep Learning,2018
0.066666667,Personalizing Customer Experience,2018
0.036231884,Cloud Platforms,2018
0.042028986,Healthcare and Medical Practices,2018
0.079710145,Support Decision-Making,2018
0.068115942,Process Automation,2018
0.028985507,Advertising and Marketing,2018
0.05942029,Pricing and Inventory Management,2018
0.117391304,Business Integration,2018
0.007112376,Digital Transformation,2022
0.009957326,Nvidia RTX,2022
0.012802276,Investments,2022
0.018492176,Data Center GPU,2022
0.021337127,Azure Cognitive Services,2022
0.024182077,Customer Support,2022
0.027027027,Adobe Experience,2022
0.029871977,Data Storage and Management,2022
0.029871977,Data Processing,2022
0.031294452,Autonomous Vehicles,2022
0.032716927,Revenue Growth,2022
0.038406828,Nvidia AI Use Cases,2022
0.041251778,Edge Intelligence,2022
0.048364154,Deep Learning,2022
0.052631579,Personalizing Customer Experience,2022
0.062588905,Cloud Platforms,2022
0.071123755,Healthcare and Medical Practices,2022
0.073968706,Support Decision-Making,2022
0.083926031,Process Automation,2022
0.088193457,Advertising and Marketing,2022
0.088193457,Pricing and Inventory Management,2022
0.099573257,Business Integration,2022