% of Respondents,AI Use Case,Function
0.24,Service Operations Optimization,Service Operations
0.16,Contact-Center Automation,Service Operations
0.14,Predictive Service and Intervention,Service Operations
0.2,Creation of New AI-Based Products,Product and/or Service Development
0.19,New AI-Based Enhancements of Products,Product and/or Service Development
0.16,Product Feature Optimization,Product and/or Service Development
0.19,Customer Service Analytics,Marketing and Sales
0.19,Customer Segmentation,Marketing and Sales
0.17,Customer Acquisition and Lead Generation,Marketing and Sales