% of Participants That Agreed or Strongly Agreed,Dimension of Developer Productivity,Label
0.73,More In The Flow,Efficiency and Flow
0.77,Less Time Searching,Efficiency and Flow
0.87,Less Mental Efforts on Repetitive Tasks,Efficiency and Flow
0.88,Faster Completion,Efficiency and Flow
0.96,Faster With Repetitive Tasks,Efficiency and Flow
0.59,Less Frustrated When Coding,Satisfaction and Well-Being
0.6,More Fulfilled With My Job,Satisfaction and Well-Being
0.74,Focus on More Satisfying Work,Satisfaction and Well-Being
0.88, I Am More Productive,Perceived Productivity
